Customer_id,Name,Phone_number,Email
28,Jessica Hunt,+2348000000000,keithsarah@example.net
78,Brandon Lang,+2348000000001,andrew19@example.com
100,William Watson,+2348000000002,sawyerrobert@example.org
35,Ryan Chambers,+2348000000003,burnettbrian@example.net
29,Mr. Kevin Jones,+2348000000004,andrew41@example.org
65,Cheryl Duncan,+2348000000005,ibaldwin@example.com
32,Bryan Martinez,+2348000000006,jensenmatthew@example.com
42,Melissa Johnson,+2348000000007,uwaters@example.net
34,Mr. Jim Lindsey III,+2348000000008,uball@example.com
33,Sara Phillips,+2348000000009,ericcarlson@example.net
58,Michael Sellers,+2348000000010,jonesgregory@example.net
98,Jason Jones,+2348000000011,pruitterin@example.net
26,William Myers,+2348000000012,scott84@example.org
58,William Novak,+2348000000013,hdavis@example.org
57,Dawn Jacobson,+2348000000014,pmeza@example.com
35,Heather Duran,+2348000000015,stevenhiggins@example.net
23,Norman Long,+2348000000016,olsonrichard@example.net
91,Jennifer Wong,+2348000000017,suzanne51@example.net
46,Marc Powell,+2348000000018,orowland@example.org
3,Joseph Knox,+2348000000019,gsantos@example.org
41,Daniel Hudson,+2348000000020,gwhitehead@example.com
36,Pamela Gonzalez,+2348000000021,tracysalazar@example.org
17,Jessica King,+2348000000022,stuartharris@example.org
55,Taylor Patel,+2348000000023,fischertodd@example.net
26,Julia Rich,+2348000000024,fjohnson@example.net
96,Carrie Christensen,+2348000000025,oscott@example.net
75,Christopher James,+2348000000026,jlowe@example.org
98,John Smith,+2348000000027,medinapatrick@example.com
4,Michael Jimenez,+2348000000028,timothyryan@example.com
48,Roger Torres,+2348000000029,denise68@example.org
31,Christine Carlson,+2348000000030,laurenfuller@example.com
82,Travis Hoffman,+2348000000031,bryan11@example.net
31,Jamie Diaz,+2348000000032,michael57@example.com
34,Jeremy Carter,+2348000000033,sandraramos@example.net
8,Don Moore,+2348000000034,taylorgoodwin@example.com
42,Charles Taylor,+2348000000035,lindsey66@example.net
31,Shawn Howe,+2348000000036,julia48@example.net
63,Angel Parker,+2348000000037,wthompson@example.com
43,Steven Lopez,+2348000000038,bmartinez@example.org
18,Ian Lowery,+2348000000039,usmith@example.org
97,Linda Weaver,+2348000000040,jlittle@example.com
47,Timothy Davis,+2348000000041,kristenrivera@example.org
46,David Cooper,+2348000000042,jasmineluna@example.org
55,Jake Tate,+2348000000043,atkinsgregory@example.org
52,Richard Anderson,+2348000000044,morgankayla@example.net
58,Crystal Brown,+2348000000045,uburns@example.net
68,Linda Chapman,+2348000000046,szhang@example.com
52,James Chavez,+2348000000047,hayesbrittany@example.org
16,Meghan Herman,+2348000000048,longstephen@example.net
54,Brian Bell,+2348000000049,angelsimmons@example.org
